<metadata xml:lang="en"><Esri><CreaDate>20231003</CreaDate><CreaTime>10585600</CreaTime><ArcGISFormat>1.0</ArcGISFormat><SyncOnce>FALSE</SyncOnce><DataProperties><lineage><Process ToolSource="c:\program files\arcgis\pro\Resources\ArcToolbox\toolboxes\Conversion Tools.tbx\FeatureClassToFeatureClass" Date="20231003" Time="105856">FeatureClassToFeatureClass "LSOA 2011 Census " "X:\Infrastructure Development\Cherwell and West Locality\Training\Hanaii\apprenticeship\portfolio projects\Project 2\MyProject\MyProject.gdb" cycleimd # "LSOA11CD "LSOA11CD" true true false 25 Text 0 0,First,#,LSOA 2011 Census ,LSOA 2011 Census .LSOA11CD,0,25;LSOA11NM "LSOA11NM" true true false 100 Text 0 0,First,#,LSOA 2011 Census ,LSOA 2011 Census .LSOA11NM,0,100;STATUS "STATUS" true true false 20 Text 0 0,First,#,LSOA 2011 Census ,LSOA 2011 Census .STATUS,0,20;LSOA_code "LSOA code" true true false 255 Text 0 0,First,#,LSOA 2011 Census ,Sheet1$.LSOA_code,0,255,LSOA 2011 Census ,Sheet1$.LSOA_code,0,255;LSOA_name "LSOA name" true true false 255 Text 0 0,First,#,LSOA 2011 Census ,Sheet1$.LSOA_name,0,255,LSOA 2011 Census ,Sheet1$.LSOA_name,0,255;Local_Authority_District_code__ "Local Authority District code (2019)" true true false 255 Text 0 0,First,#,LSOA 2011 Census ,Sheet1$.Local_Authority_District_code__,0,255,LSOA 2011 Census ,Sheet1$.Local_Authority_District_code__,0,255;Local_Authority_District_name__ "Local Authority District name (2019)" true true false 255 Text 0 0,First,#,LSOA 2011 Census ,Sheet1$.Local_Authority_District_name__,0,255,LSOA 2011 Census ,Sheet1$.Local_Authority_District_name__,0,255;Index_of_Multiple_Deprivation__ "Index of Multiple Deprivation (IMD) Rank" true true false 8 Double 0 0,First,#,LSOA 2011 Census ,Sheet1$.Index_of_Multiple_Deprivation__,-1,-1,LSOA 2011 Census ,Sheet1$.Index_of_Multiple_Deprivation__,-1,-1;Index_of_Multiple_Deprivation_1 "Index of Multiple Deprivation (IMD) Decile" true true false 8 Double 0 0,First,#,LSOA 2011 Census ,Sheet1$.Index_of_Multiple_Deprivation_1,-1,-1,LSOA 2011 Census ,Sheet1$.Index_of_Multiple_Deprivation_1,-1,-1;F2021_Female_Bicycle "2021 Female/Bicycle" true true false 255 Text 0 0,First,#,LSOA 2011 Census ,Sheet1$.F2021_Female_Bicycle,0,255,LSOA 2011 Census ,Sheet1$.F2021_Female_Bicycle,0,255;F2021_Female_On_foot "2021 Female/On foot" true true false 255 Text 0 0,First,#,LSOA 2011 Census ,Sheet1$.F2021_Female_On_foot,0,255,LSOA 2011 Census ,Sheet1$.F2021_Female_On_foot,0,255;F2021_Male_Bicycle "2021 Male/Bicycle" true true false 255 Text 0 0,First,#,LSOA 2011 Census ,Sheet1$.F2021_Male_Bicycle,0,255,LSOA 2011 Census ,Sheet1$.F2021_Male_Bicycle,0,255;F2021_Male_On_foot "2021 Male/On foot" true true false 255 Text 0 0,First,#,LSOA 2011 Census ,Sheet1$.F2021_Male_On_foot,0,255,LSOA 2011 Census ,Sheet1$.F2021_Male_On_foot,0,255;F2011_Male_Bicycle "2011 Male/Bicycle" true true false 8 Double 0 0,First,#,LSOA 2011 Census ,Sheet1$.F2011_Male_Bicycle,-1,-1,LSOA 2011 Census ,Sheet1$.F2011_Male_Bicycle,-1,-1;F2011_Male_On_foot "2011 Male/On foot" true true false 8 Double 0 0,First,#,LSOA 2011 Census ,Sheet1$.F2011_Male_On_foot,-1,-1,LSOA 2011 Census ,Sheet1$.F2011_Male_On_foot,-1,-1;F2011_Female_Bicycle "2011 Female/Bicycle" true true false 8 Double 0 0,First,#,LSOA 2011 Census ,Sheet1$.F2011_Female_Bicycle,-1,-1,LSOA 2011 Census ,Sheet1$.F2011_Female_Bicycle,-1,-1;F2011_Female_On_foot "2011 Female/On foot" true true false 8 Double 0 0,First,#,LSOA 2011 Census ,Sheet1$.F2011_Female_On_foot,-1,-1,LSOA 2011 Census ,Sheet1$.F2011_Female_On_foot,-1,-1;ObjectID "ObjectID" false true false 4 Long 0 9,First,#,LSOA 2011 Census ,Sheet1$.ObjectID,-1,-1,LSOA 2011 Census ,Sheet1$.ObjectID,-1,-1;Percentage_2011_Male_Bicycle "Percentage_2011 Male_Bicycle" true true false 8 Double 0 0,First,#,LSOA 2011 Census ,Sheet1$.Percentage_2011_Male_Bicycle,-1,-1;Percentage_2011_Male_On_Foot "Percentage_2011 Male_On_Foot" true true false 8 Double 0 0,First,#,LSOA 2011 Census ,Sheet1$.Percentage_2011_Male_On_Foot,-1,-1;Percentage_2011_Female_Bicycle "Percentage_2011 Female_Bicycle" true true false 8 Double 0 0,First,#,LSOA 2011 Census ,Sheet1$.Percentage_2011_Female_Bicycle,-1,-1;Percentage_2011_Female_On_Foot "Percentage_2011 Female_On_Foot" true true false 8 Double 0 0,First,#,LSOA 2011 Census ,Sheet1$.Percentage_2011_Female_On_Foot,-1,-1;Percentage_Gap_2011_Cycling "Percentage_Gap_2011 Cycling" true true false 8 Double 0 0,First,#,LSOA 2011 Census ,Sheet1$.Percentage_Gap_2011_Cycling,-1,-1;Percentage_Gap_2011_Walking "Percentage_Gap_2011 Walking" true true false 8 Double 0 0,First,#,LSOA 2011 Census ,Sheet1$.Percentage_Gap_2011_Walking,-1,-1;Normalized_Gap_2011_Cycling "Normalized_Gap_2011 Cycling" true true false 8 Double 0 0,First,#,LSOA 2011 Census ,Sheet1$.Normalized_Gap_2011_Cycling,-1,-1;Normalized_Gap_2011_Walking "Normalized_Gap_2011 Walking" true true false 8 Double 0 0,First,#,LSOA 2011 Census ,Sheet1$.Normalized_Gap_2011_Walking,-1,-1;Percentage_2021_Male_Bicycle "Percentage_2021 Male_Bicycle" true true false 255 Text 0 0,First,#,LSOA 2011 Census ,Sheet1$.Percentage_2021_Male_Bicycle,0,255;Percentage_2021_Male_On_Foot "Percentage_2021 Male_On_Foot" true true false 255 Text 0 0,First,#,LSOA 2011 Census ,Sheet1$.Percentage_2021_Male_On_Foot,0,255;Percentage_2021_Female_Bicycle "Percentage_2021 Female_Bicycle" true true false 255 Text 0 0,First,#,LSOA 2011 Census ,Sheet1$.Percentage_2021_Female_Bicycle,0,255;Percentage_2021_Female_On_Foot "Percentage_2021 Female_On_Foot" true true false 255 Text 0 0,First,#,LSOA 2011 Census ,Sheet1$.Percentage_2021_Female_On_Foot,0,255;Percentage_Gap_2021_Cycling "Percentage_Gap_2021 Cycling" true true false 255 Text 0 0,First,#,LSOA 2011 Census ,Sheet1$.Percentage_Gap_2021_Cycling,0,255;Percentage_Gap_2021_Walking "Percentage_Gap_2021 Walking" true true false 255 Text 0 0,First,#,LSOA 2011 Census ,Sheet1$.Percentage_Gap_2021_Walking,0,255;Normalized_Gap_2021_Cycling "Normalized_Gap_2021 Cycling" true true false 255 Text 0 0,First,#,LSOA 2011 Census ,Sheet1$.Normalized_Gap_2021_Cycling,0,255;Normalized_Gap_2021_Walking "Normalized_Gap_2021 Walking" true true false 255 Text 0 0,First,#,LSOA 2011 Census ,Sheet1$.Normalized_Gap_2021_Walking,0,255" #</Process><Process ToolSource="c:\program files\arcgis\pro\Resources\ArcToolbox\toolboxes\Conversion Tools.tbx\FeatureClassToFeatureClass" Date="20231003" Time="111237">FeatureClassToFeatureClass cycleimd "X:\Infrastructure Development\Cherwell and West Locality\Training\Hanaii\apprenticeship\portfolio projects\Project 2" cycleimd.shp # "LSOA11CD "LSOA11CD" true true false 25 Text 0 0,First,#,cycleimd,LSOA11CD,0,25;LSOA11NM "LSOA11NM" true true false 100 Text 0 0,First,#,cycleimd,LSOA11NM,0,100;STATUS "STATUS" true true false 20 Text 0 0,First,#,cycleimd,STATUS,0,20;LSOA_code "LSOA code" true true false 255 Text 0 0,First,#,cycleimd,LSOA_code,0,255;LSOA_name "LSOA name" true true false 255 Text 0 0,First,#,cycleimd,LSOA_name,0,255;Local_Authority_District_code__ "Local Authority District code (2019)" true true false 255 Text 0 0,First,#,cycleimd,Local_Authority_District_code__,0,255;Local_Authority_District_name__ "Local Authority District name (2019)" true true false 255 Text 0 0,First,#,cycleimd,Local_Authority_District_name__,0,255;Index_of_Multiple_Deprivation__ "Index of Multiple Deprivation (IMD) Rank" true true false 8 Double 0 0,First,#,cycleimd,Index_of_Multiple_Deprivation__,-1,-1;Index_of_Multiple_Deprivation_1 "Index of Multiple Deprivation (IMD) Decile" true true false 8 Double 0 0,First,#,cycleimd,Index_of_Multiple_Deprivation_1,-1,-1;F2021_Female_Bicycle "2021 Female/Bicycle" true true false 255 Text 0 0,First,#,cycleimd,F2021_Female_Bicycle,0,255;F2021_Female_On_foot "2021 Female/On foot" true true false 255 Text 0 0,First,#,cycleimd,F2021_Female_On_foot,0,255;F2021_Male_Bicycle "2021 Male/Bicycle" true true false 255 Text 0 0,First,#,cycleimd,F2021_Male_Bicycle,0,255;F2021_Male_On_foot "2021 Male/On foot" true true false 255 Text 0 0,First,#,cycleimd,F2021_Male_On_foot,0,255;F2011_Male_Bicycle "2011 Male/Bicycle" true true false 8 Double 0 0,First,#,cycleimd,F2011_Male_Bicycle,-1,-1;F2011_Male_On_foot "2011 Male/On foot" true true false 8 Double 0 0,First,#,cycleimd,F2011_Male_On_foot,-1,-1;F2011_Female_Bicycle "2011 Female/Bicycle" true true false 8 Double 0 0,First,#,cycleimd,F2011_Female_Bicycle,-1,-1;F2011_Female_On_foot "2011 Female/On foot" true true false 8 Double 0 0,First,#,cycleimd,F2011_Female_On_foot,-1,-1;ObjectID "ObjectID" true true false 4 Long 0 0,First,#,cycleimd,ObjectID,-1,-1;Percentage_2011_Male_Bicycle "Percentage_2011 Male_Bicycle" true true false 8 Double 0 0,First,#,cycleimd,Percentage_2011_Male_Bicycle,-1,-1;Percentage_2011_Male_On_Foot "Percentage_2011 Male_On_Foot" true true false 8 Double 0 0,First,#,cycleimd,Percentage_2011_Male_On_Foot,-1,-1;Percentage_2011_Female_Bicycle "Percentage_2011 Female_Bicycle" true true false 8 Double 0 0,First,#,cycleimd,Percentage_2011_Female_Bicycle,-1,-1;Percentage_2011_Female_On_Foot "Percentage_2011 Female_On_Foot" true true false 8 Double 0 0,First,#,cycleimd,Percentage_2011_Female_On_Foot,-1,-1;Percentage_Gap_2011_Cycling "Percentage_Gap_2011 Cycling" true true false 8 Double 0 0,First,#,cycleimd,Percentage_Gap_2011_Cycling,-1,-1;Percentage_Gap_2011_Walking "Percentage_Gap_2011 Walking" true true false 8 Double 0 0,First,#,cycleimd,Percentage_Gap_2011_Walking,-1,-1;Normalized_Gap_2011_Cycling "Normalized_Gap_2011 Cycling" true true false 8 Double 0 0,First,#,cycleimd,Normalized_Gap_2011_Cycling,-1,-1;Normalized_Gap_2011_Walking "Normalized_Gap_2011 Walking" true true false 8 Double 0 0,First,#,cycleimd,Normalized_Gap_2011_Walking,-1,-1;Percentage_2021_Male_Bicycle "Percentage_2021 Male_Bicycle" true true false 255 Text 0 0,First,#,cycleimd,Percentage_2021_Male_Bicycle,0,255;Percentage_2021_Male_On_Foot "Percentage_2021 Male_On_Foot" true true false 255 Text 0 0,First,#,cycleimd,Percentage_2021_Male_On_Foot,0,255;Percentage_2021_Female_Bicycle "Percentage_2021 Female_Bicycle" true true false 255 Text 0 0,First,#,cycleimd,Percentage_2021_Female_Bicycle,0,255;Percentage_2021_Female_On_Foot "Percentage_2021 Female_On_Foot" true true false 255 Text 0 0,First,#,cycleimd,Percentage_2021_Female_On_Foot,0,255;Percentage_Gap_2021_Cycling "Percentage_Gap_2021 Cycling" true true false 255 Text 0 0,First,#,cycleimd,Percentage_Gap_2021_Cycling,0,255;Percentage_Gap_2021_Walking "Percentage_Gap_2021 Walking" true true false 255 Text 0 0,First,#,cycleimd,Percentage_Gap_2021_Walking,0,255;Normalized_Gap_2021_Cycling "Normalized_Gap_2021 Cycling" true true false 255 Text 0 0,First,#,cycleimd,Normalized_Gap_2021_Cycling,0,255;Normalized_Gap_2021_Walking "Normalized_Gap_2021 Walking" true true false 255 Text 0 0,First,#,cycleimd,Normalized_Gap_2021_Walking,0,255;Shape_Length "Shape_Length" false true true 8 Double 0 0,First,#,cycleimd,Shape_Length,-1,-1;Shape_Area "Shape_Area" false true true 8 Double 0 0,First,#,cycleimd,Shape_Area,-1,-1" #</Process></lineage><itemProps><itemName Sync="TRUE">cycleimd</itemName><imsContentType Sync="TRUE">002</imsContentType><itemSize Sync="TRUE">0.000</itemSize><itemLocation><linkage Sync="TRUE">file://\\oxfordshire.gov.uk\environment and economy\Shared\Infrastructure Development\Cherwell and West Locality\Training\Hanaii\apprenticeship\portfolio projects\Project 2\cycleimd.shp</linkage><protocol Sync="TRUE">Local Area Network</protocol></itemLocation></itemProps><coordRef><type Sync="TRUE">Projected</type><geogcsn Sync="TRUE">GCS_OSGB_1936</geogcsn><csUnits Sync="TRUE">Linear Unit: Meter (1.000000)</csUnits><projcsn Sync="TRUE">British_National_Grid</projcsn><peXml Sync="TRUE">&lt;ProjectedCoordinateSystem xsi:type='typens:ProjectedCoordinateSystem' xmlns:xsi='http://www.w3.org/2001/XMLSchema-instance' xmlns:xs='http://www.w3.org/2001/XMLSchema' xmlns:typens='http://www.esri.com/schemas/ArcGIS/2.9.0'&gt;&lt;WKT&gt;PROJCS[&amp;quot;British_National_Grid&amp;quot;,GEOGCS[&amp;quot;GCS_OSGB_1936&amp;quot;,DATUM[&amp;quot;D_OSGB_1936&amp;quot;,SPHEROID[&amp;quot;Airy_1830&amp;quot;,6377563.396,299.3249646]],PRIMEM[&amp;quot;Greenwich&amp;quot;,0.0],UNIT[&amp;quot;Degree&amp;quot;,0.0174532925199433]],PROJECTION[&amp;quot;Transverse_Mercator&amp;quot;],PARAMETER[&amp;quot;False_Easting&amp;quot;,400000.0],PARAMETER[&amp;quot;False_Northing&amp;quot;,-100000.0],PARAMETER[&amp;quot;Central_Meridian&amp;quot;,-2.0],PARAMETER[&amp;quot;Scale_Factor&amp;quot;,0.9996012717],PARAMETER[&amp;quot;Latitude_Of_Origin&amp;quot;,49.0],UNIT[&amp;quot;Meter&amp;quot;,1.0],AUTHORITY[&amp;quot;EPSG&amp;quot;,27700]]&lt;/WKT&gt;&lt;XOrigin&gt;-5220400&lt;/XOrigin&gt;&lt;YOrigin&gt;-15524400&lt;/YOrigin&gt;&lt;XYScale&gt;450481592.76709664&lt;/XYScale&gt;&lt;ZOrigin&gt;-100000&lt;/ZOrigin&gt;&lt;ZScale&gt;10000&lt;/ZScale&gt;&lt;MOrigin&gt;-100000&lt;/MOrigin&gt;&lt;MScale&gt;10000&lt;/MScale&gt;&lt;XYTolerance&gt;0.001&lt;/XYTolerance&gt;&lt;ZTolerance&gt;0.001&lt;/ZTolerance&gt;&lt;MTolerance&gt;0.001&lt;/MTolerance&gt;&lt;HighPrecision&gt;true&lt;/HighPrecision&gt;&lt;WKID&gt;27700&lt;/WKID&gt;&lt;LatestWKID&gt;27700&lt;/LatestWKID&gt;&lt;/ProjectedCoordinateSystem&gt;</peXml></coordRef></DataProperties><SyncDate>20231003</SyncDate><SyncTime>11123700</SyncTime><ModDate>20231003</ModDate><ModTime>11123700</ModTime></Esri><dataIdInfo><envirDesc Sync="TRUE">Microsoft Windows 10 Version 10.0 (Build 19044) ; Esri ArcGIS 12.9.7.32739</envirDesc><dataLang><languageCode value="eng" Sync="TRUE"></languageCode><countryCode value="GBR" Sync="TRUE"></countryCode></dataLang><idCitation><resTitle Sync="TRUE">cycleimd</resTitle><presForm><PresFormCd value="005" Sync="TRUE"></PresFormCd></presForm></idCitation><spatRpType><SpatRepTypCd value="001" Sync="TRUE"></SpatRepTypCd></spatRpType></dataIdInfo><mdLang><languageCode value="eng" Sync="TRUE"></languageCode><countryCode value="GBR" Sync="TRUE"></countryCode></mdLang><distInfo><distFormat><formatName Sync="TRUE">Shapefile</formatName></distFormat><distTranOps><transSize Sync="TRUE">0.000</transSize></distTranOps></distInfo><mdHrLv><ScopeCd value="005" Sync="TRUE"></ScopeCd></mdHrLv><mdHrLvName Sync="TRUE">dataset</mdHrLvName><refSysInfo><RefSystem><refSysID><identCode code="27700" Sync="TRUE"></identCode><idCodeSpace Sync="TRUE">EPSG</idCodeSpace><idVersion Sync="TRUE">6.3(3.0.1)</idVersion></refSysID></RefSystem></refSysInfo><spatRepInfo><VectSpatRep><geometObjs Name="cycleimd"><geoObjTyp><GeoObjTypCd value="002" Sync="TRUE"></GeoObjTypCd></geoObjTyp><geoObjCnt Sync="TRUE">0</geoObjCnt></geometObjs><topLvl><TopoLevCd value="001" Sync="TRUE"></TopoLevCd></topLvl></VectSpatRep></spatRepInfo><spdoinfo><ptvctinf><esriterm Name="cycleimd"><efeatyp Sync="TRUE">Simple</efeatyp><efeageom code="4" Sync="TRUE"></efeageom><esritopo Sync="TRUE">FALSE</esritopo><efeacnt Sync="TRUE">0</efeacnt><spindex Sync="TRUE">FALSE</spindex><linrefer Sync="TRUE">FALSE</linrefer></esriterm></ptvctinf></spdoinfo><eainfo><detailed Name="cycleimd"><enttyp><enttypl Sync="TRUE">cycleimd</enttypl><enttypt Sync="TRUE">Feature Class</enttypt><enttypc Sync="TRUE">0</enttypc></enttyp><attr><attrlabl Sync="TRUE">FID</attrlabl><attalias Sync="TRUE">FID</attalias><attrtype Sync="TRUE">OID</attrtype><attwidth Sync="TRUE">4</attwidth><atprecis Sync="TRUE">0</atprecis><attscale Sync="TRUE">0</attscale><attrdef Sync="TRUE">Internal feature number.</attrdef><attrdefs Sync="TRUE">Esri</attrdefs><attrdomv><udom Sync="TRUE">Sequential unique whole numbers that are automatically generated.</udom></attrdomv></attr><attr><attrlabl Sync="TRUE">Shape</attrlabl><attalias Sync="TRUE">Shape</attalias><attrtype Sync="TRUE">Geometry</attrtype><attwidth Sync="TRUE">0</attwidth><atprecis Sync="TRUE">0</atprecis><attscale Sync="TRUE">0</attscale><attrdef Sync="TRUE">Feature geometry.</attrdef><attrdefs Sync="TRUE">Esri</attrdefs><attrdomv><udom Sync="TRUE">Coordinates defining the features.</udom></attrdomv></attr><attr><attrlabl Sync="TRUE">LSOA11CD</attrlabl><attalias Sync="TRUE">LSOA11CD</attalias><attrtype Sync="TRUE">String</attrtype><attwidth Sync="TRUE">25</attwidth><atprecis Sync="TRUE">0</atprecis><attscale Sync="TRUE">0</attscale></attr><attr><attrlabl Sync="TRUE">LSOA11NM</attrlabl><attalias Sync="TRUE">LSOA11NM</attalias><attrtype Sync="TRUE">String</attrtype><attwidth Sync="TRUE">100</attwidth><atprecis Sync="TRUE">0</atprecis><attscale Sync="TRUE">0</attscale></attr><attr><attrlabl Sync="TRUE">STATUS</attrlabl><attalias Sync="TRUE">STATUS</attalias><attrtype Sync="TRUE">String</attrtype><attwidth Sync="TRUE">20</attwidth><atprecis Sync="TRUE">0</atprecis><attscale Sync="TRUE">0</attscale></attr><attr><attrlabl Sync="TRUE">LSOA_code</attrlabl><attalias Sync="TRUE">LSOA_code</attalias><attrtype Sync="TRUE">String</attrtype><attwidth Sync="TRUE">254</attwidth><atprecis Sync="TRUE">0</atprecis><attscale Sync="TRUE">0</attscale></attr><attr><attrlabl Sync="TRUE">LSOA_name</attrlabl><attalias Sync="TRUE">LSOA_name</attalias><attrtype Sync="TRUE">String</attrtype><attwidth Sync="TRUE">254</attwidth><atprecis Sync="TRUE">0</atprecis><attscale Sync="TRUE">0</attscale></attr><attr><attrlabl Sync="TRUE">Local_Auth</attrlabl><attalias Sync="TRUE">Local_Auth</attalias><attrtype Sync="TRUE">String</attrtype><attwidth Sync="TRUE">254</attwidth><atprecis Sync="TRUE">0</atprecis><attscale Sync="TRUE">0</attscale></attr><attr><attrlabl Sync="TRUE">Local_Au_1</attrlabl><attalias Sync="TRUE">Local_Au_1</attalias><attrtype Sync="TRUE">String</attrtype><attwidth Sync="TRUE">254</attwidth><atprecis Sync="TRUE">0</atprecis><attscale Sync="TRUE">0</attscale></attr><attr><attrlabl Sync="TRUE">Index_of_M</attrlabl><attalias Sync="TRUE">Index_of_M</attalias><attrtype Sync="TRUE">Double</attrtype><attwidth Sync="TRUE">19</attwidth><atprecis Sync="TRUE">0</atprecis><attscale Sync="TRUE">0</attscale></attr><attr><attrlabl Sync="TRUE">Index_of_1</attrlabl><attalias Sync="TRUE">Index_of_1</attalias><attrtype Sync="TRUE">Double</attrtype><attwidth Sync="TRUE">19</attwidth><atprecis Sync="TRUE">0</atprecis><attscale Sync="TRUE">0</attscale></attr><attr><attrlabl Sync="TRUE">F2021_Fema</attrlabl><attalias Sync="TRUE">F2021_Fema</attalias><attrtype Sync="TRUE">String</attrtype><attwidth Sync="TRUE">254</attwidth><atprecis Sync="TRUE">0</atprecis><attscale Sync="TRUE">0</attscale></attr><attr><attrlabl Sync="TRUE">F2021_Fe_1</attrlabl><attalias Sync="TRUE">F2021_Fe_1</attalias><attrtype Sync="TRUE">String</attrtype><attwidth Sync="TRUE">254</attwidth><atprecis Sync="TRUE">0</atprecis><attscale Sync="TRUE">0</attscale></attr><attr><attrlabl Sync="TRUE">F2021_Male</attrlabl><attalias Sync="TRUE">F2021_Male</attalias><attrtype Sync="TRUE">String</attrtype><attwidth Sync="TRUE">254</attwidth><atprecis Sync="TRUE">0</atprecis><attscale Sync="TRUE">0</attscale></attr><attr><attrlabl Sync="TRUE">F2021_Ma_1</attrlabl><attalias Sync="TRUE">F2021_Ma_1</attalias><attrtype Sync="TRUE">String</attrtype><attwidth Sync="TRUE">254</attwidth><atprecis Sync="TRUE">0</atprecis><attscale Sync="TRUE">0</attscale></attr><attr><attrlabl Sync="TRUE">F2011_Male</attrlabl><attalias Sync="TRUE">F2011_Male</attalias><attrtype Sync="TRUE">Double</attrtype><attwidth Sync="TRUE">19</attwidth><atprecis Sync="TRUE">0</atprecis><attscale Sync="TRUE">0</attscale></attr><attr><attrlabl Sync="TRUE">F2011_Ma_1</attrlabl><attalias Sync="TRUE">F2011_Ma_1</attalias><attrtype Sync="TRUE">Double</attrtype><attwidth Sync="TRUE">19</attwidth><atprecis Sync="TRUE">0</atprecis><attscale Sync="TRUE">0</attscale></attr><attr><attrlabl Sync="TRUE">F2011_Fema</attrlabl><attalias Sync="TRUE">F2011_Fema</attalias><attrtype Sync="TRUE">Double</attrtype><attwidth Sync="TRUE">19</attwidth><atprecis Sync="TRUE">0</atprecis><attscale Sync="TRUE">0</attscale></attr><attr><attrlabl Sync="TRUE">F2011_Fe_1</attrlabl><attalias Sync="TRUE">F2011_Fe_1</attalias><attrtype Sync="TRUE">Double</attrtype><attwidth Sync="TRUE">19</attwidth><atprecis Sync="TRUE">0</atprecis><attscale Sync="TRUE">0</attscale></attr><attr><attrlabl Sync="TRUE">ObjectID</attrlabl><attalias Sync="TRUE">ObjectID</attalias><attrtype Sync="TRUE">Integer</attrtype><attwidth Sync="TRUE">10</attwidth><atprecis Sync="TRUE">10</atprecis><attscale Sync="TRUE">0</attscale></attr><attr><attrlabl Sync="TRUE">Percentage</attrlabl><attalias Sync="TRUE">Percentage</attalias><attrtype Sync="TRUE">Double</attrtype><attwidth Sync="TRUE">19</attwidth><atprecis Sync="TRUE">0</atprecis><attscale Sync="TRUE">0</attscale></attr><attr><attrlabl Sync="TRUE">Percenta_1</attrlabl><attalias Sync="TRUE">Percenta_1</attalias><attrtype Sync="TRUE">Double</attrtype><attwidth Sync="TRUE">19</attwidth><atprecis Sync="TRUE">0</atprecis><attscale Sync="TRUE">0</attscale></attr><attr><attrlabl Sync="TRUE">Percenta_2</attrlabl><attalias Sync="TRUE">Percenta_2</attalias><attrtype Sync="TRUE">Double</attrtype><attwidth Sync="TRUE">19</attwidth><atprecis Sync="TRUE">0</atprecis><attscale Sync="TRUE">0</attscale></attr><attr><attrlabl Sync="TRUE">Percenta_3</attrlabl><attalias Sync="TRUE">Percenta_3</attalias><attrtype Sync="TRUE">Double</attrtype><attwidth Sync="TRUE">19</attwidth><atprecis Sync="TRUE">0</atprecis><attscale Sync="TRUE">0</attscale></attr><attr><attrlabl Sync="TRUE">Percenta_4</attrlabl><attalias Sync="TRUE">Percenta_4</attalias><attrtype Sync="TRUE">Double</attrtype><attwidth Sync="TRUE">19</attwidth><atprecis Sync="TRUE">0</atprecis><attscale Sync="TRUE">0</attscale></attr><attr><attrlabl Sync="TRUE">Percenta_5</attrlabl><attalias Sync="TRUE">Percenta_5</attalias><attrtype Sync="TRUE">Double</attrtype><attwidth Sync="TRUE">19</attwidth><atprecis Sync="TRUE">0</atprecis><attscale Sync="TRUE">0</attscale></attr><attr><attrlabl Sync="TRUE">Normalized</attrlabl><attalias Sync="TRUE">Normalized</attalias><attrtype Sync="TRUE">Double</attrtype><attwidth Sync="TRUE">19</attwidth><atprecis Sync="TRUE">0</atprecis><attscale Sync="TRUE">0</attscale></attr><attr><attrlabl Sync="TRUE">Normaliz_1</attrlabl><attalias Sync="TRUE">Normaliz_1</attalias><attrtype Sync="TRUE">Double</attrtype><attwidth Sync="TRUE">19</attwidth><atprecis Sync="TRUE">0</atprecis><attscale Sync="TRUE">0</attscale></attr><attr><attrlabl Sync="TRUE">Percenta_6</attrlabl><attalias Sync="TRUE">Percenta_6</attalias><attrtype Sync="TRUE">String</attrtype><attwidth Sync="TRUE">254</attwidth><atprecis Sync="TRUE">0</atprecis><attscale Sync="TRUE">0</attscale></attr><attr><attrlabl Sync="TRUE">Percenta_7</attrlabl><attalias Sync="TRUE">Percenta_7</attalias><attrtype Sync="TRUE">String</attrtype><attwidth Sync="TRUE">254</attwidth><atprecis Sync="TRUE">0</atprecis><attscale Sync="TRUE">0</attscale></attr><attr><attrlabl Sync="TRUE">Percenta_8</attrlabl><attalias Sync="TRUE">Percenta_8</attalias><attrtype Sync="TRUE">String</attrtype><attwidth Sync="TRUE">254</attwidth><atprecis Sync="TRUE">0</atprecis><attscale Sync="TRUE">0</attscale></attr><attr><attrlabl Sync="TRUE">Percenta_9</attrlabl><attalias Sync="TRUE">Percenta_9</attalias><attrtype Sync="TRUE">String</attrtype><attwidth Sync="TRUE">254</attwidth><atprecis Sync="TRUE">0</atprecis><attscale Sync="TRUE">0</attscale></attr><attr><attrlabl Sync="TRUE">Percent_10</attrlabl><attalias Sync="TRUE">Percent_10</attalias><attrtype Sync="TRUE">String</attrtype><attwidth Sync="TRUE">254</attwidth><atprecis Sync="TRUE">0</atprecis><attscale Sync="TRUE">0</attscale></attr><attr><attrlabl Sync="TRUE">Percent_11</attrlabl><attalias Sync="TRUE">Percent_11</attalias><attrtype Sync="TRUE">String</attrtype><attwidth Sync="TRUE">254</attwidth><atprecis Sync="TRUE">0</atprecis><attscale Sync="TRUE">0</attscale></attr><attr><attrlabl Sync="TRUE">Normaliz_2</attrlabl><attalias Sync="TRUE">Normaliz_2</attalias><attrtype Sync="TRUE">String</attrtype><attwidth Sync="TRUE">254</attwidth><atprecis Sync="TRUE">0</atprecis><attscale Sync="TRUE">0</attscale></attr><attr><attrlabl Sync="TRUE">Normaliz_3</attrlabl><attalias Sync="TRUE">Normaliz_3</attalias><attrtype Sync="TRUE">String</attrtype><attwidth Sync="TRUE">254</attwidth><atprecis Sync="TRUE">0</atprecis><attscale Sync="TRUE">0</attscale></attr><attr><attrlabl Sync="TRUE">Shape_Leng</attrlabl><attalias Sync="TRUE">Shape_Leng</attalias><attrtype Sync="TRUE">Double</attrtype><attwidth Sync="TRUE">19</attwidth><atprecis Sync="TRUE">0</atprecis><attscale Sync="TRUE">0</attscale></attr><attr><attrlabl Sync="TRUE">Shape_Area</attrlabl><attalias Sync="TRUE">Shape_Area</attalias><attrtype Sync="TRUE">Double</attrtype><attwidth Sync="TRUE">19</attwidth><atprecis Sync="TRUE">0</atprecis><attscale Sync="TRUE">0</attscale><attrdef Sync="TRUE">Area of feature in internal units squared.</attrdef><attrdefs Sync="TRUE">Esri</attrdefs><attrdomv><udom Sync="TRUE">Positive real numbers that are automatically generated.</udom></attrdomv></attr></detailed></eainfo><mdDateSt Sync="TRUE">20231003</mdDateSt></metadata>
